[
  {
    "title": "Simple Mobile Keep Your Own Phone 3-in-1 Prepaid SIM Kit",
    "brand": "Tracfone",
    "rating": "3.4 out of 5 stars",
    "price": "$0.99",
    "five_stars": "5 stars represent 53% of rating",
    "four_stars": "4 stars represent 5% of rating",
    "three_stars": "3 stars represent 4% of rating",
    "two_stars": "2 stars represent 7% of rating",
    "one_stars": "1 stars represent 32% of rating",
    "image_urls": [
      "https://images-na.ssl-images-amazon.com/images/I/71m8GRElUNL._SL1500_.jpg"
    ],
    "positive_review": "Great for travellers to the USA",
    "negative_review": "Do not belive in Advertising"
  },
  {
    "title": "Cell Phone Holder for Car, Car Phone Mount, Durable Dash Windshield Car Phone Holder Cradle Silicone Pad Mats for iPhone 11 Pro Max XS XR X Samsung Galaxy Note 10 S10,Other GPS and Smartphones",
    "brand": "Bosynoy",
    "rating": "4.3 out of 5 stars",
    "price": "$11.99",
    "five_stars": "5 stars represent 67% of rating",
    "four_stars": "4 stars represent 14% of rating",
    "three_stars": "3 stars represent 6% of rating",
    "two_stars": "2 stars represent 5% of rating",
    "one_stars": "1 stars represent 8% of rating",
    "image_urls": [
      "https://images-na.ssl-images-amazon.com/images/I/61FPbqJnAHL._SL1484_.jpg"
    ],
    "positive_review": "Works great for holding your mid-ride snack!",
    "negative_review": "Does not affix to dash"
  },
  {
    "title": "UGREEN Cell Phone Stand Holder Mobile Phone Dock Compatible for iPhone 11 Pro Max XS XR 8 Plus 6 7 Samsung Galaxy S10 S9 S8 S7 Edge S6 Android Smartphone Holder for Desk Adjustable Foldable (Black)",
    "brand": "UGREEN",
    "rating": "4.7 out of 5 stars",
    "price": "$6.99",
    "five_stars": "5 stars represent 84% of rating",
    "four_stars": "4 stars represent 9% of rating",
    "three_stars": "3 stars represent 3% of rating",
    "two_stars": "2 stars represent 2% of rating",
    "one_stars": "1 stars represent 3% of rating",
    "image_urls": [
      "https://images-na.ssl-images-amazon.com/images/I/51Jto8FBSGL._SL1001_.jpg"
    ],
    "positive_review": "I LOVE LOVE LOVE it",
    "negative_review": "honestly worst design malfunction EVER"
  },
  {
    "title": "B-Land Cell Phone Holder, Universal Mobile Phone Stand, Lazy Bracket, DIY Free Rotating Mounts with Multiple Function (Black)",
    "brand": "B-Land",
    "rating": "4.4 out of 5 stars",
    "price": "$18.99",
    "five_stars": "5 stars represent 72% of rating",
    "four_stars": "4 stars represent 11% of rating",
    "three_stars": "3 stars represent 6% of rating",
    "two_stars": "2 stars represent 4% of rating",
    "one_stars": "1 stars represent 7% of rating",
    "image_urls": [
      "https://images-na.ssl-images-amazon.com/images/I/71j7EVm57fL._SL1200_.jpg"
    ],
    "positive_review": "Love it",
    "negative_review": "Great function, poor durability"
  },
  {
    "title": "12’’ Screen Magnifier for Smartphone – Mobile Phone 3D Magnifier Projector Screen for Movies, Videos, and Gaming – Foldable Phone Stand with Screen Amplifier – Compatible with All Smartphones",
    "brand": "dizaul",
    "rating": "4.3 out of 5 stars",
    "price": "$16.95",
    "five_stars": "5 stars represent 71% of rating",
    "four_stars": "4 stars represent 12% of rating",
    "three_stars": "3 stars represent 2% of rating",
    "two_stars": "2 stars represent 6% of rating",
    "one_stars": "1 stars represent 9% of rating",
    "image_urls": [
      "https://images-na.ssl-images-amazon.com/images/I/61iUlWXk3%2BL._SL1200_.jpg"
    ],
    "positive_review": "Screen is big, very convenient!",
    "negative_review": "It isn’t what’s advertised."
}
]
